{"cameraMode":{"drawMode":0,"name":"Shaded","section":"Shading Mode"},"sceneLighting":true,"audioPlay":false,"sceneViewState":{"showFog":true,"showMaterialUpdate":false,"showSkybox":true,"showFlares":true,"showImageEffects":true,"showParticleSystems":true},"in2DMode":false,"pivot":{"x":0.6012277007102966,"y":0.6928727626800537,"z":1.852618932723999},"rotation":{"x":-0.1898726373910904,"y":0.09878841787576676,"z":-0.01919381506741047,"w":-0.9767299294471741},"size":3.382288694381714,"orthographic":false}