{"cameraMode":{"drawMode":0,"name":"Shaded","section":"Shading Mode"},"sceneLighting":false,"audioPlay":false,"sceneViewState":{"showFog":true,"showMaterialUpdate":false,"showSkybox":false,"showFlares":true,"showImageEffects":true,"showParticleSystems":true},"in2DMode":false,"pivot":{"x":0.788925290107727,"y":1.5653613805770875,"z":-3.9548158645629885},"rotation":{"x":0.1922912895679474,"y":0.012035733088850975,"z":-0.002489544916898012,"w":0.9813228845596314},"size":2.4251019954681398,"orthographic":false}