{"cameraMode":{"drawMode":0,"name":"Shaded","section":"Shading Mode"},"sceneLighting":false,"audioPlay":false,"sceneViewState":{"showFog":true,"showMaterialUpdate":false,"showSkybox":false,"showFlares":true,"showImageEffects":true,"showParticleSystems":true},"in2DMode":false,"pivot":{"x":0.6029102802276611,"y":2.3979146480560304,"z":-7.096528053283691},"rotation":{"x":0.13816691935062409,"y":0.18045075237751008,"z":-0.02573326975107193,"w":0.9735539555549622},"size":0.2781478464603424,"orthographic":false}