{"cameraMode":{"drawMode":0,"name":"Shaded","section":"Shading Mode"},"sceneLighting":true,"audioPlay":false,"sceneViewState":{"showFog":true,"showMaterialUpdate":false,"showSkybox":true,"showFlares":true,"showImageEffects":true,"showParticleSystems":true},"in2DMode":false,"pivot":{"x":-0.5394286513328552,"y":0.7338406443595886,"z":1.2842594385147095},"rotation":{"x":0.13764069974422456,"y":0.6623432636260986,"z":-0.12571972608566285,"w":0.7257161736488342},"size":1.2247449159622193,"orthographic":false}